<?xml version="1.0"?>
<chroma>
  <Param>
    <InlineMeasurements>
      <elem>
        <Name>MAKE_SOURCE</Name>
        <Frequency>1</Frequency>
        <Param>
          <version>6</version>
           <Source>
            <Source_Smearing>
              <version>1</version>
              <SourceType>POINT_SOURCE</SourceType>
              <j_decay>3</j_decay>
              <t_srce>0 0 0 0</t_srce>
              <SmearingParam>
                <wvf_kind>GAUGE_INV_GAUSSIAN</wvf_kind>
                <wvf_param>2.8284</wvf_param>
                <wvfIntPar>20</wvfIntPar>
                <no_smear_dir>3</no_smear_dir>
              </SmearingParam>
            </Source_Smearing>
            <LinkSmearing>
              <LinkSmearingType>STOUT_SMEAR</LinkSmearingType>
              <link_smear_fact>0.0</link_smear_fact>
              <link_smear_num>0</link_smear_num>
              <no_smear_dir>3</no_smear_dir>
            </LinkSmearing>
          </Source>
          <Sink>
            <Sink_Smearing>
              <version>1</version>
              <SinkType>POINT_SINK</SinkType>
              <j_decay>3</j_decay>
              <t_srce>0 0 0 0</t_srce>
              <SmearingParam>
                <wvf_kind>GAUGE_INV_GAUSSIAN</wvf_kind>
                <wvf_param>2.8284</wvf_param>
                <wvfIntPar>20</wvfIntPar>
                <no_smear_dir>3</no_smear_dir>
              </SmearingParam>
            </Sink_Smearing>
          </Sink>
        </Param>
        <NamedObject>
          <gauge_id>default_gauge_field</gauge_id>
          <source_id>t160z0y0x0</source_id>
        </NamedObject>
      </elem>
      <elem>
        <displacement>
          <dir>3</dir>
          <steps>3</steps>
        </displacement>
      </elem>
      <elem>
        <propagator>
          <Name>PROPAGATOR</Name>
          <Frequency>1</Frequency>
          <Param>
            <version>10</version>
            <quarkSpinType>FULL</quarkSpinType>
            <obsvP>false</obsvP>
            <numRetries>1</numRetries>
            <FermionAction>
              <FermAct>CLOVER</FermAct>
              <Mass>-0.0743</Mass>
              <clovCoeffR>1.58932722549812</clovCoeffR>
              <clovCoeffT>0.902783591772098</clovCoeffT>
              <AnisoParam>
                <anisoP>true</anisoP>
                <t_dir>3</t_dir>
                <xi_0>4.3</xi_0>
                <nu>1.265</nu>
              </AnisoParam>
              <FermState>
                <Name>STOUT_FERM_STATE</Name>
                <rho>0.14</rho>
                <n_smear>2</n_smear>
                <orthog_dir>3</orthog_dir>
                <FermionBC>
                  <FermBC>SIMPLE_FERMBC</FermBC>
                  <boundary>1 1 1 -1</boundary>
                </FermionBC>
              </FermState>
            </FermionAction>
            <InvertParam>
              <invType>CG_INVERTER</invType>
              <RsdCG> 1e-9 </RsdCG>
              <MaxCG> 100 </MaxCG>
              <CloverParams>
                <Mass>-0.0743</Mass>
                <clovCoeffR>1.58932722549812</clovCoeffR>
                <clovCoeffT>0.902783591772098</clovCoeffT>
                <AnisoParam>
                  <anisoP>true</anisoP>
                  <t_dir>3</t_dir>
                  <xi_0>4.3</xi_0>
                  <nu>1.265</nu>
                </AnisoParam>
              </CloverParams>
              <RsdTarget>1.0e-8</RsdTarget>
              <Delta>0.1</Delta>
              <MaxIter>10000000</MaxIter>
              <AntiPeriodicT>true</AntiPeriodicT>
              <SolverType>BICGSTAB</SolverType>
              <Verbose>false</Verbose>
              <AsymmetricLinop>false</AsymmetricLinop>
              <CudaReconstruct>RECONS_12</CudaReconstruct>
              <CudaSloppyPrecision>HALF</CudaSloppyPrecision>
              <CudaSloppyReconstruct>RECONS_12</CudaSloppyReconstruct>
              <AxialGaugeFix>false</AxialGaugeFix>
            </InvertParam>
          </Param>
          <NamedObject>
            <gauge_id>default_gauge_field</gauge_id>
            <source_id>t160z0y0x0</source_id>
            <prop_id>t160z0y0x0_pt_pt</prop_id>
          </NamedObject>
        </propagator>
      </elem>
      <elem>
        <save>
          <annotation>Save the prop</annotation>
          <Name>QIO_WRITE_NAMED_OBJECT</Name>
          <Frequency>1</Frequency>
          <NamedObject>
            <object_id>t160z0y0x0_sh_pt</object_id>
            <object_type>LatticePropagatorF</object_type>
          </NamedObject>
          <File>
            <file_name>./props/testProp</file_name>
            <file_volfmt>SINGLEFILE</file_volfmt>
          </File>
        </save>
      </elem>
    </InlineMeasurements>
    <nrow>4 4 4 32</nrow>
  </Param>
  <Cfg>
    <cfg_type>SZINQIO</cfg_type>
    <cfg_file>./wilson_k0.1665_b5.32144_4by32_cfg_4000.lime</cfg_file>
  </Cfg>
</chroma>